n,g,steps,dt,target_depth,ansatz_depth,max_td,mean_td,compile_err_min,compile_err_max,compile_err_spread,seeds_agree,elapsed_s
4,0.3,4,0.1,16,3,0.0018785545579530728,0.0017890385314037326,0.007269557967261884,0.007466077786245305,0.00019651981898342104,0,1.8036217500921339
4,0.3,4,0.1,16,5,0.0018406069418636516,0.001756841632286337,0.007259492354158657,1.5394662554585514,1.5322067631043927,0,1.1781359580345452
4,0.3,4,0.1,16,6,0.01427225460585107,0.011309849362158682,0.04810558919277009,0.06096743250228841,0.012861843309518319,0,1.3298555831424892
4,0.3,4,0.1,16,10,0.010679144990305218,0.008784611036101257,0.04093037133824022,0.054618716956342746,0.013688345618102525,0,1.8418668338563293
4,0.3,4,0.1,16,12,0.010167000854788203,0.007982905395419031,0.039251443028753955,0.04610347809327087,0.006852035064516912,0,2.279659459134564
4,0.3,6,0.1,24,2,0.059207609573344006,0.048416585049674936,0.2032411279545962,0.20324112795467486,7.865930129469234e-14,1,0.7234332498628646
4,0.3,6,0.1,24,4,0.030107602880468178,0.02535344450682327,0.10378178109477282,0.20257217225354465,0.09879039115877183,0,1.2879866249859333
4,0.3,6,0.1,24,5,0.006767695750036695,0.006576703195394597,0.027147568376481704,0.7686715117598469,0.7415239433833652,0,1.2366709581110626
4,0.3,6,0.1,24,8,0.018610697861644265,0.015712364666636416,0.06707046271342985,0.19619574388774932,0.12912528117431948,0,1.4482284169644117
4,0.3,6,0.1,24,10,0.031305811569997136,0.027593486038657473,0.11280128091772108,0.13655670478646836,0.02375542386874728,0,1.8397187909577042
4,0.3,8,0.1,32,2,0.11847923075399418,0.10380727519712193,0.4298982020498807,0.42989820204994683,6.611378111642807e-14,1,0.4457331250887364
4,0.3,8,0.1,32,3,0.01800939309656448,0.016792094028947137,0.06973069435709953,3.0620556522750397,2.99232495791794,0,0.8610062499064952
4,0.3,8,0.1,32,5,0.019078200983868497,0.016693238472744346,0.06962216140573972,0.07138188978611806,0.001759728380378342,0,0.903201375156641
4,0.3,8,0.1,32,6,0.010911714456507831,0.009781059802686188,0.04603649223550352,0.10253847263170753,0.05650198039620401,0,1.1588142500258982
4,0.3,8,0.1,32,10,0.05164114015236397,0.042046694010704974,0.1332146121285135,0.30009785920583615,0.16688324707732266,0,1.959817332914099
4,0.3,8,0.1,32,12,0.02850809586101443,0.024994778448041564,0.12494657610326503,0.19708972655775175,0.07214315045448673,0,2.439881500089541
4,0.3,12,0.1,48,2,0.3013571384538891,0.24172730806130094,1.0110122822817842,1.011012282281791,6.8833827526759706e-15,1,0.7432247090619057
4,0.3,12,0.1,48,3,0.07240826546088411,0.06537429472659684,0.27200602472089247,0.3020322069948871,0.030026182273994617,0,0.798858999973163
4,0.3,12,0.1,48,4,0.0038181093896938077,0.003406438216915229,0.027966499756910505,0.06969651401064753,0.04173001425373702,0,0.8284403751604259
4,0.3,12,0.1,48,5,0.02576279763129927,0.02279661010089619,0.09571291600348435,1.3636624376031499,1.2679495215996655,0,1.2717672500293702
4,0.3,12,0.1,48,6,0.005719308316890515,0.004383272451477583,0.01814726485468514,0.06515635434914899,0.04700908949446385,0,1.3729344171006233
4,0.3,12,0.1,48,8,0.01116870711897128,0.009688992064705245,0.02070300099966671,0.046431396896493206,0.025728395896826496,0,1.6118527499493212
4,0.3,12,0.1,48,10,0.018971481370636104,0.01648896361142231,0.03852799520489944,0.0751944598689474,0.036666464664047965,0,2.2413312909193337
4,0.3,12,0.1,48,12,0.022052235100708095,0.019476834570465763,0.057029185785511013,0.08971301846854535,0.03268383268303433,0,2.778822625055909
4,0.3,16,0.1,64,2,0.34845023101892586,0.3061921603409171,1.2992491122124101,1.2992491122124223,1.2212453270876722e-14,1,15.157276083016768
4,0.3,16,0.1,64,3,0.018946306033764456,0.018395222845515907,0.0756180305876257,0.0756180305929817,5.3559934265479114e-12,1,1.7117324159480631
4,0.3,16,0.1,64,4,0.011708884510538175,0.011096925934568508,0.04592867047740213,0.06690611600064249,0.020977445523240358,0,1.708946584025398
4,0.3,16,0.1,64,5,0.014756349449552635,0.013932837015896982,0.05772160796636565,0.0756157047891419,0.017894096822776248,0,2.2453969579655677
4,0.3,16,0.1,64,6,0.009493688804955793,0.007943548095478535,0.03934256304470289,0.053120677752701614,0.013778114707998723,0,3.2790681670885533
4,0.3,16,0.1,64,8,0.010698429612648903,0.009628535166228382,0.030213802698542767,0.1889331446488181,0.15871934195027534,0,3.566141208866611
4,0.3,16,0.1,64,10,0.017179551634124622,0.015512490869612362,0.061614406249627246,0.10809923168917089,0.046484825439543645,0,4.005549874855205
4,0.3,16,0.1,64,12,0.15072931063649692,0.10911256638713043,0.062066697350309966,0.7592298065354449,0.6971631091851349,0,3.925481541082263
4,1.0,4,0.1,16,3,0.020400702090364636,0.0190440301777226,0.07760702265762463,0.08031628870986371,0.002709266052239076,0,1.043222458800301
4,1.0,4,0.1,16,5,0.018772134872927497,0.017870846553406896,0.07441622802711297,0.07931508358002211,0.004898855552909143,0,1.1030740421265364
4,1.0,4,0.1,16,6,0.021550820230825538,0.01720086570881298,0.0802078226016336,0.16573390578716554,0.08552608318553194,0,1.2696348340250552
4,1.0,4,0.1,16,10,0.018592497113998435,0.016623758087600922,0.08967053352746358,0.1397182362366998,0.05004770270923621,0,1.8394571249373257
4,1.0,4,0.1,16,12,0.03097777017637014,0.028209401319311538,0.1052570514215192,0.14082618060519805,0.035569129183678855,0,2.2844690000638366
4,1.0,6,0.1,24,2,0.16471530686047253,0.14470365966474077,0.6008062342087577,0.6008062342087754,1.7763568394002505e-14,1,0.5190998751204461
4,1.0,6,0.1,24,4,0.009736619830500157,0.008634128062706595,0.03628247011578983,0.6007059578817243,0.5644234877659344,0,0.6942909997887909
4,1.0,6,0.1,24,5,0.014290890281671624,0.012880395087852145,0.05277065185388858,0.2650239774299896,0.21225332557610105,0,0.9562110828701407
4,1.0,6,0.1,24,8,0.035820829856976356,0.03196761593227937,0.05021277696645406,0.1333564864625635,0.08314370949610944,0,1.5190222498495132
4,1.0,6,0.1,24,10,0.01987985779926432,0.016476848899638352,0.08122927910325786,0.13839409592085328,0.057164816817595415,0,1.984381458023563
4,1.0,8,0.1,32,2,0.31831460641513176,0.27996237676715896,1.1650554497164392,1.1650554497164498,1.0658141036401503e-14,1,0.34631595900282264
4,1.0,8,0.1,32,3,0.0067610850139232315,0.006448808734904677,0.027012542335174063,3.1437379958373497,3.1167254535021756,0,0.5973888328298926
4,1.0,8,0.1,32,5,0.005039716510522048,0.004655316129325603,0.0163698330879625,0.2551250597745227,0.2387552266865602,0,1.062269166111946
4,1.0,8,0.1,32,6,0.007715166810095719,0.0064465847400667865,0.030183283168986774,0.05318110328318331,0.022997820114196536,0,1.2729397499933839
4,1.0,8,0.1,32,10,0.007518191863578803,0.006355494068171992,0.02800388343502768,0.04693522787626578,0.018931344441238097,0,1.8626364588271827
4,1.0,8,0.1,32,12,0.01872167145533543,0.015654800185537113,0.04490830273558216,0.07162822786683354,0.026719925131251376,0,2.2327069169841707
4,1.0,12,0.1,48,2,0.6113624834309308,0.5444755720535552,2.3282383762640375,2.328238376264043,5.329070518200751e-15,1,0.52851662482135
4,1.0,12,0.1,48,3,0.05083042013737721,0.04852392509933508,0.20251324679659552,0.20251324679671834,1.2281842209915794e-13,1,0.5661971250083297
4,1.0,12,0.1,48,4,0.04116654970135604,0.039108194041982236,0.16185339362107554,0.38822841334894204,0.2263750197278665,0,0.7036193339154124
4,1.0,12,0.1,48,5,0.014231492059979131,0.013662114788441171,0.05560682430716662,0.2575110211405606,0.201904196833394,0,1.2453311660792679
4,1.0,12,0.1,48,6,0.02398967648625746,0.022090912974242087,0.0898625753645252,0.661548244725047,0.5716856693605218,0,1.3124223328195512
4,1.0,12,0.1,48,8,0.014440805535735617,0.01248690709779072,0.031214085065889522,0.14492920613877336,0.11371512107288384,0,2.1564486250281334
4,1.0,12,0.1,48,10,0.034159484446128374,0.02887373755475158,0.07672448264984649,0.12583647180079854,0.04911198915095205,0,2.3211039998568594
4,1.0,12,0.1,48,12,0.07631417008930302,0.058611212519602905,0.1771442962310806,0.38925595469294155,0.21211165846186095,0,2.855877040885389
4,1.0,16,0.1,64,2,0.6220855793765665,0.5815971105282165,3.056860290735244,3.3870555402789164,0.33019524954367263,0,1.807752541033551
4,1.0,16,0.1,64,3,0.18490051706667585,0.17665848089924552,0.7184414394033201,0.7184414394033497,2.964295475749168e-14,1,2.0639988330658525
4,1.0,16,0.1,64,4,0.010799037936344498,0.010650969168704024,0.06192325984379428,0.061923909698026254,6.498542319752221e-07,1,2.0654755840077996
4,1.0,16,0.1,64,5,0.01192342868630077,0.011365568328493456,0.06244723425264704,3.061962543370141,2.999515309117494,0,2.6035634169820696
4,1.0,16,0.1,64,6,0.010795225401781508,0.0106523745853573,0.06054699356413635,0.061923259823111365,0.001376266258975016,0,3.0973165838513523
4,1.0,16,0.1,64,8,0.011840787016142582,0.011090081713964521,0.0594895830752534,0.06298826456100973,0.0034986814857563275,0,3.533286417135969
4,1.0,16,0.1,64,10,0.08237388705405652,0.06498636569081125,0.06738044613603,0.49927585466704894,0.43189540853101893,0,4.3323884170968086
4,1.0,16,0.1,64,12,0.07099754982237491,0.06251358539112678,0.08322585002402659,0.3687599173463888,0.2855340673223622,0,4.958121499978006
4,1.5,4,0.1,16,3,0.044220725031535624,0.03922711713304222,0.1617196911992092,0.1730896213857633,0.011369930186554106,0,1.0890170000493526
4,1.5,4,0.1,16,5,0.04249284289324727,0.03549196331768787,0.14577686082342292,1.710116760163688,1.564339899340265,0,1.0744398331735283
4,1.5,4,0.1,16,6,0.013250447171294526,0.011381538365396649,0.064516181692804,0.12646469197159302,0.06194851027878902,0,1.1818033340387046
4,1.5,4,0.1,16,10,0.045579991988089374,0.038622504922715586,0.13193367393283864,0.1946811133930045,0.06274743946016587,0,1.7165470409672707
4,1.5,4,0.1,16,12,0.021091029198489313,0.017852119772330845,0.07196030352186501,0.14703930836841797,0.07507900484655296,0,2.3450917080044746
4,1.5,6,0.1,24,2,0.22289095084395805,0.18546947654222593,0.7651351522417705,0.7651351522417961,2.55351295663786e-14,1,0.3018155409954488
4,1.5,6,0.1,24,4,0.011829345634689386,0.010039101554288457,0.0413557132368968,0.05283820892580279,0.01148249568890599,0,0.7171318330802023
4,1.5,6,0.1,24,5,0.005055087425917977,0.004596000851539854,0.013547133250603636,0.03758985210642594,0.0240427188558223,0,0.967250790912658
4,1.5,6,0.1,24,8,0.0059318666624713755,0.005711388741702726,0.02330928513495325,0.14016189384757935,0.1168526087126261,0,1.5456850421614945
4,1.5,6,0.1,24,10,0.014714777766467974,0.012765188248256069,0.05136068989942923,0.09277038816289318,0.041409698263463954,0,1.9612011250574142
4,1.5,8,0.1,32,2,0.372958726386264,0.312422831277422,1.3083129732632663,1.3083129732632814,1.509903313490213e-14,1,0.3070771670900285
4,1.5,8,0.1,32,3,0.015516154805601926,0.01478020911916488,0.06183201065033544,0.061838921676755886,6.911026420447497e-06,0,0.5385017499793321
4,1.5,8,0.1,32,5,0.012607298326826884,0.011887914109108388,0.04874723788199448,0.061812851154398565,0.013065613272404082,0,0.9722407080698758
4,1.5,8,0.1,32,6,0.014097598875874685,0.011982440935815141,0.05423056698960002,0.1616213933963969,0.10739082640679687,0,1.134932165965438
4,1.5,8,0.1,32,10,0.018724203271175396,0.01635572801706202,0.07077350001962515,0.1259282844213795,0.055154784401754336,0,2.0064765829592943
4,1.5,8,0.1,32,12,0.06363429359521064,0.05000703171676485,0.062355609858665076,0.6088223283718533,0.5464667185131883,0,2.5511652079876512
4,1.5,12,0.1,48,2,0.5646974142070031,0.5045242096154208,2.0908959753311214,2.090895975331128,6.661338147750939e-15,1,0.4356904171872884
4,1.5,12,0.1,48,3,0.10464742857816085,0.0992934113137755,0.4111326218127388,0.41113262181282517,8.637535131583718e-14,1,0.7119040829129517
4,1.5,12,0.1,48,4,0.0037101435477202246,0.003572847378436915,0.025503749278790802,0.17005559041490187,0.14455184113611108,0,0.9295876671094447
4,1.5,12,0.1,48,5,0.031191905641337433,0.02659799926331024,0.11282267881920381,0.9687597046498083,0.8559370258306045,0,1.1419540410861373
4,1.5,12,0.1,48,6,0.005976707100191745,0.0052224137039777975,0.024559884709540368,0.029167371539003385,0.0046074868294630165,0,1.5464216670952737
4,1.5,12,0.1,48,8,0.004084129608915021,0.003668651721510689,0.02476082767373186,0.03691357141704029,0.01215274374330843,0,2.0705014171544462
4,1.5,12,0.1,48,10,0.009725641256661945,0.008068704570711493,0.026271020594129963,0.12701211573266688,0.10074109513853692,0,3.061720250174403
4,1.5,12,0.1,48,12,0.055803750392734046,0.04662188672240325,0.14728368193100597,0.3480321375896746,0.20074845565866864,0,2.6143668331205845
4,1.5,16,0.1,64,2,0.7370631700297282,0.6547453811294326,2.8478783992685797,3.9256363894077926,1.077757990139213,0,2.5888072908855975
4,1.5,16,0.1,64,3,0.2691113169601391,0.24653415224457023,0.9891444600006083,3.1792661144124787,2.1901216544118705,0,2.2158158749807626
4,1.5,16,0.1,64,4,0.02250129334859498,0.022099901424102782,0.14243058287783678,0.14243058287806126,2.2448709557920665e-13,1,1.8811853339429945
4,1.5,16,0.1,64,5,0.031057640886594302,0.025423707485788472,0.1458279937082662,0.43429541945702804,0.28846742574876183,0,2.004779249895364
4,1.5,16,0.1,64,6,0.023096182296046028,0.02219026796489822,0.14183768932200902,0.7478417366811984,0.6060040473591893,0,2.866270791972056
4,1.5,16,0.1,64,8,0.26237761209412147,0.21512599799363893,0.1379985049599164,1.0443630479156876,0.9063645429557712,0,3.6908227500971407
4,1.5,16,0.1,64,10,0.03696451291011117,0.030469532482445633,0.14428761109575036,0.16668920678548238,0.022401595689732018,0,3.804412249941379
4,1.5,16,0.1,64,12,0.2238281144341348,0.1772050900902026,0.14552480111110117,0.9768973126166296,0.8313725115055284,0,4.413447541883215
6,0.3,4,0.1,16,3,0.0027059721996433132,0.002532161957061837,0.019598830855770657,0.021126867950946294,0.0015280370951756377,0,2.2286040000617504
6,0.3,4,0.1,16,5,0.0028777020530821413,0.002680599123314773,0.017011416045947313,3.0789669667409845,3.0619555506950373,0,3.4975118341390043
6,0.3,4,0.1,16,6,0.01141589583850735,0.01049890675757095,0.09397636031912453,0.15765464537895843,0.0636782850598339,0,4.103906332980841
6,0.3,4,0.1,16,10,0.017013872585431307,0.015474295567684187,0.12610768837713476,0.15501000743999316,0.028902319062858395,0,7.155242666834965
6,0.3,4,0.1,16,12,0.018524086491461235,0.016770278306977547,0.12182792570142596,0.13573603632374648,0.013908110622320516,0,8.537095332983881
6,0.3,6,0.1,24,2,0.07789851625280642,0.06799311187127097,0.5740923856638663,0.5740923856639777,1.113553693699032e-13,1,1.2355880830436945
6,0.3,6,0.1,24,4,0.06210218531863841,0.054383214210617606,0.4730439322511334,0.5502074664398241,0.07716353418869071,0,3.8315789580810815
6,0.3,6,0.1,24,5,0.008096789476646842,0.007634969464345177,0.059366431801077986,1.5381546452287695,1.4787882134276915,0,4.872371250065044
6,0.3,6,0.1,24,8,0.04182261176152565,0.03588985790669138,0.32361586457858815,0.46882267257941573,0.14520680800082758,0,9.063426041975617
6,0.3,6,0.1,24,10,0.033551130645630416,0.03083933650995474,0.2641976409946212,0.45061435602335076,0.18641671502872958,0,11.664787416812032
6,0.3,8,0.1,32,2,0.1575590892697103,0.14242572408329024,1.2121291038686342,1.2121291038687398,1.056932319443149e-13,1,0.7875243329908699
6,0.3,8,0.1,32,3,0.021069767023097652,0.018987138184416764,0.15815440852403104,0.19266194943539525,0.03450754091136421,0,2.277360541978851
6,0.3,8,0.1,32,5,0.017632960295257932,0.01656037974784073,0.1333191861224822,0.19876453069782363,0.06544534457534143,0,4.396886291913688
6,0.3,8,0.1,32,6,0.01666039371785693,0.01593363515136664,0.1910627871546435,0.42544313683794094,0.23438034968329743,0,5.914816833101213
6,0.3,8,0.1,32,10,0.050361451962471854,0.04511299094517417,0.4502417088929892,0.7616701598728363,0.31142845097984706,0,11.516279458068311
6,0.3,8,0.1,32,12,0.03667219968042432,0.033576848915061054,0.32041405598070144,0.7941462529391387,0.4737321969584372,0,14.429021666990593
6,0.3,12,0.1,48,2,0.3663172015293601,0.3221011657950532,2.83639931566629,2.8363993156663074,1.7319479184152442e-14,1,1.2911820830777287
6,0.3,12,0.1,48,3,0.029206405697589505,0.026721597889112374,0.21980001343384542,0.8621912849282309,0.6423912714943856,0,2.312832332914695
6,0.3,12,0.1,48,4,0.011390054412375922,0.010493828911665769,0.15159327706059358,0.1882531559896267,0.03665987892903311,0,3.161406916100532
6,0.3,12,0.1,48,5,0.023232755095439567,0.021225150717137427,0.1871365326165546,0.5019120389339072,0.3147755063173526,0,5.254723124904558
6,0.3,12,0.1,48,6,0.007563792386703385,0.00687875301207181,0.1393135122058964,0.1841709135665903,0.04485740136069388,0,6.472799124894664
6,0.3,12,0.1,48,8,0.011297924079718143,0.010299960193014587,0.10188887901787022,0.21594417371156768,0.11405529469369746,0,9.226100750034675
6,0.3,12,0.1,48,10,0.020131412492501666,0.018610330678657538,0.1468011899078322,0.22781400567006366,0.08101281576223146,0,12.173232165863737
6,0.3,12,0.1,48,12,0.020688588943170133,0.01967121134901737,0.13226213788777913,0.23283502987982718,0.10057289199204805,0,13.91932591702789
6,0.3,16,0.1,64,2,0.47131236412180305,0.4134198811695188,3.5947877251964484,3.59478772519647,2.1760371282653068e-14,1,8.035293041961268
6,0.3,16,0.1,64,3,0.0685994715481846,0.060233669295923234,0.4893903264658947,0.4893903264663593,4.64628335805628e-13,1,5.677900249836966
6,0.3,16,0.1,64,4,0.026027006938836934,0.02227714357796979,0.17730707889145558,0.2368998209255379,0.059592742034082324,0,7.153617332922295
6,0.3,16,0.1,64,5,0.03136146411732458,0.028823362998161035,0.23696490188852978,0.4873562996719628,0.250391397783433,0,8.071099041029811
6,0.3,16,0.1,64,6,0.014989234820211006,0.01370056895446041,0.12980449232377864,0.17761501120505552,0.04781051888127688,0,9.152228124905378
6,0.3,16,0.1,64,8,0.018043572416089372,0.015751914475107747,0.16985472466969045,0.2047575494402477,0.034902824770557256,0,12.47221833281219
6,0.3,16,0.1,64,10,0.01655844488984847,0.014506010620966129,0.13510769524729532,0.20733697484535207,0.07222927959805675,0,15.156514625065029
6,0.3,16,0.1,64,12,0.016430626900383563,0.015484196699903082,0.12571647034371283,0.1657412652943656,0.04002479495065275,0,17.618916708044708
6,1.0,4,0.1,16,3,0.029143918805558347,0.02683633452031896,0.2171858940894323,0.22728273851639524,0.010096844426962931,0,2.4180641670245677
6,1.0,4,0.1,16,5,0.02060409429496681,0.019315018380687107,0.17208678136632394,0.2052362469508932,0.03314946558456927,0,4.1550389169715345
6,1.0,4,0.1,16,6,0.039138526244476404,0.033520485322275514,0.29508748180235006,0.5047716865572554,0.2096842047549053,0,5.041324374964461
6,1.0,4,0.1,16,10,0.0266249589326998,0.024119685388921914,0.20362630941722823,0.37471058180416084,0.1710842723869326,0,8.889899667119607
6,1.0,4,0.1,16,12,0.051026563967837335,0.04581133524818271,0.3288783841577438,0.43517721057542524,0.10629882641768146,0,11.320216624997556
6,1.0,6,0.1,24,2,0.22909956167976292,0.2027022160767798,1.6790374728903117,1.6790374728903668,5.5067062021407764e-14,1,0.7977167500648648
6,1.0,6,0.1,24,4,0.006648234051186556,0.006066522964665456,0.05370912067469419,0.3009008018567404,0.2471916811820462,0,3.0114682079292834
6,1.0,6,0.1,24,5,0.021853115716592795,0.019520007957365196,0.15995728040504478,4.6509437453849625,4.490986464979918,0,4.630705292103812
6,1.0,6,0.1,24,8,0.014960333612447104,0.01429687558362214,0.15932520055198743,0.8142647672077259,0.6549395666557385,0,8.429481707978994
6,1.0,6,0.1,24,10,0.03694410159504066,0.035072135092485204,0.17057686274457176,0.3627960946718502,0.19221923192727844,0,10.75484245782718
6,1.0,8,0.1,32,2,0.435550123162135,0.3868850841093365,3.2098581671068747,3.2098581671068875,1.2878587085651816e-14,1,0.6372124589979649
6,1.0,8,0.1,32,3,0.04574258352914837,0.04221269707289349,0.34454966405688076,0.3445979197028346,4.825564595384302e-05,0,1.7481789998710155
6,1.0,8,0.1,32,5,0.03250672853088429,0.02938037928522136,0.2510061886178289,0.32323529937306805,0.07222911075523913,0,4.718815915985033
6,1.0,8,0.1,32,6,0.011596307309927754,0.010388954160311038,0.1162106800796362,0.1348681948660816,0.018657514786445395,0,5.689257292076945
6,1.0,8,0.1,32,10,0.015394723795540487,0.014028850036394891,0.12553431827646847,0.14631056048347865,0.020776242207010187,0,11.443051000125706
6,1.0,8,0.1,32,12,0.02552174194493355,0.022240447299308,0.11690816117639405,0.1896677970001951,0.07275963582380104,0,14.205265916883945
6,1.0,12,0.1,48,2,0.7475494859791092,0.72212159935604,6.202723676828497,8.12063697767701,1.9179133008485136,0,0.8311232500709593
6,1.0,12,0.1,48,3,0.21475523894872425,0.2015158438258992,1.6478040364174713,6.282608380776146,4.634804344358675,0,2.0291347911115736
6,1.0,12,0.1,48,4,0.04879489253545481,0.04348700943753202,0.34111238804805866,0.5704764097129018,0.22936402166484315,0,3.44985150010325
6,1.0,12,0.1,48,5,0.040135939402422965,0.036752148584183145,0.3056866491851772,1.4850008753885404,1.1793142262033633,0,5.12181895901449
6,1.0,12,0.1,48,6,0.04415813457653306,0.040077088248464995,0.3719995070316012,0.8377813343945014,0.46578182736290025,0,6.399982749950141
6,1.0,12,0.1,48,8,0.015992297943795232,0.015126129910264064,0.13405192406717278,0.5378254312173383,0.40377350715016547,0,9.284509666962549
6,1.0,12,0.1,48,10,0.06375131014980516,0.05863996849636893,0.39591469049802874,0.6854358927066516,0.2895212022086229,0,12.100716958055273
6,1.0,12,0.1,48,12,0.04406812527337528,0.03880156631050195,0.21039973319654168,0.6846560580224094,0.47425632482586766,0,14.413151040906087
6,1.0,16,0.1,64,2,0.8486754699712606,0.8242598310104778,7.933012415397293,9.113479201109824,1.1804667857125306,0,4.418482499895617
6,1.0,16,0.1,64,3,0.515201661140307,0.47210407256089093,3.9218173099485476,6.939473901468087,3.0176565915195397,0,5.671983166830614
6,1.0,16,0.1,64,4,0.16268756381096933,0.1523590157360892,1.2362789268471053,4.843183274083161,3.606904347236056,0,7.237895374884829
6,1.0,16,0.1,64,5,0.04908472891684079,0.04599884877637319,0.39705677771710723,3.921869747532747,3.5248129698156396,0,8.883369500050321
6,1.0,16,0.1,64,6,0.02594438788378977,0.024021039250947403,0.2632362064994337,1.9087930518835603,1.6455568453841267,0,9.445611959090456
6,1.0,16,0.1,64,8,0.05062074757594488,0.047880234560503325,0.4108385374734205,0.5994529828000397,0.1886144453266192,0,12.566483499947935
6,1.0,16,0.1,64,10,0.04370106325607683,0.0392419460351182,0.29867419803044465,0.844905698436728,0.5462315004062834,0,15.576764041092247
6,1.0,16,0.1,64,12,0.06554380900498072,0.057288669219071,0.2989778173882792,0.5508469906642149,0.2518691732759357,0,17.828652458963916
6,1.5,4,0.1,16,3,0.060192675012898184,0.05594626967132108,0.4579470461041048,0.48904618207482375,0.03109913597071895,0,2.699184041004628
6,1.5,4,0.1,16,5,0.03283564801059573,0.030565182643158117,0.2765358711256386,0.4197710559449138,0.14323518481927522,0,4.831471625017002
6,1.5,4,0.1,16,6,0.03449366921111066,0.030796603577851717,0.30651529708099634,0.42923734356920956,0.12272204648821322,0,5.668687791097909
6,1.5,4,0.1,16,10,0.04478991068580685,0.04172906494598622,0.35111720788214207,0.4464061124781061,0.09528890459596401,0,10.267284790985286
6,1.5,4,0.1,16,12,0.03671990103684207,0.03326955903616137,0.2733708248492782,0.5576777206341431,0.2843068957848649,0,12.426133709028363
6,1.5,6,0.1,24,2,0.2920496629408984,0.26145336261856966,2.1211569341352527,2.1211569341353265,7.37188088351104e-14,1,0.7975380409043282
6,1.5,6,0.1,24,4,0.010842971511665706,0.00976561297039965,0.07905756955974481,0.11340965177005842,0.034352082210313606,0,3.2077737499494106
6,1.5,6,0.1,24,5,0.025229037047328658,0.022347293217902818,0.18299372826440397,4.616241746062096,4.433248017797692,0,4.612485042074695
6,1.5,6,0.1,24,8,0.012575811512944016,0.011508327225381759,0.10771225407779607,0.1674981882325286,0.05978593415473253,0,8.331959791947156
6,1.5,6,0.1,24,10,0.018565949511370555,0.016714149974878502,0.14465547548455474,0.2353724948303498,0.09071701934579507,0,10.672252458054572
6,1.5,8,0.1,32,2,0.4682858400925325,0.4371958402869982,3.575167176817828,3.5751671768178457,1.7763568394002505e-14,1,0.639265334000811
6,1.5,8,0.1,32,3,0.0869496449773684,0.08297082531813815,0.6834959982212581,0.6834960170964917,1.887523359833665e-08,1,1.842644833959639
6,1.5,8,0.1,32,5,0.055236686813551185,0.04896618030211273,0.41701707967712015,3.114391069048613,2.697373989371493,0,4.751955667044967
6,1.5,8,0.1,32,6,0.02262644288429695,0.02017119258859744,0.16427568631128422,0.3276717724546651,0.1633960861433809,0,5.9734653329942375
6,1.5,8,0.1,32,10,0.027939564154324425,0.02595662397123378,0.20193220189716182,0.3310101585233027,0.12907795662614086,0,11.52919637504965
6,1.5,8,0.1,32,12,0.026940496128899122,0.02482402887241512,0.14895556692155285,0.30540763925366643,0.15645207233211358,0,13.8720519579947
6,1.5,12,0.1,48,2,0.7235243130994722,0.657373008486439,5.610662495065856,5.610662495065863,6.217248937900877e-15,1,0.8525581250432879
6,1.5,12,0.1,48,3,0.3353452030745863,0.29525949272944435,2.4044815329324845,2.4044815329522864,1.9801937867214292e-11,1,2.152801792137325
6,1.5,12,0.1,48,4,0.09593874966004422,0.08759315749319493,0.7000582038521939,0.7847716540256081,0.08471345017341425,0,3.7988122501410544
6,1.5,12,0.1,48,5,0.040968857132631126,0.035254252558153315,0.2665019852023219,4.32997256711103,4.063470581908708,0,5.11837924993597
6,1.5,12,0.1,48,6,0.041688139452305,0.038578733327433515,0.36965119130542307,1.4971521592968042,1.1275009679913812,0,6.394561582943425
6,1.5,12,0.1,48,8,0.01647533236677745,0.015236705256542915,0.12523770912593363,0.3792619640222012,0.25402425489626757,0,9.145011416869238
6,1.5,12,0.1,48,10,0.1441223553023611,0.13338454865027632,0.3086319820613811,1.432935616550106,1.124303634488725,0,11.665971250040457
6,1.5,12,0.1,48,12,0.020886095755483527,0.01906953478359271,0.17177920283063125,0.6936036099293026,0.5218244070986713,0,14.41604720801115
6,1.5,16,0.1,64,2,0.8726360762111234,0.8095950764159976,7.419759154083955,7.419759154083969,1.3322676295501878e-14,1,4.228011041879654
6,1.5,16,0.1,64,3,0.5136782304303069,0.4702555008290642,3.9004447721857796,3.9004447742817745,2.0959949331711414e-09,1,6.039392457809299
6,1.5,16,0.1,64,4,0.28481990802125606,0.2498645023097544,2.075485980030785,2.0754860139594795,3.392869452056857e-08,1,7.134053792105988
6,1.5,16,0.1,64,5,0.08471785849889668,0.07905848377488381,0.7476538165059228,6.632241969136224,5.884588152630301,0,8.381294958060607
6,1.5,16,0.1,64,6,0.06250095064331293,0.058934496973786,0.6315329231852689,3.6495360370413903,3.018003113856121,0,9.589084500214085
6,1.5,16,0.1,64,8,0.06097887020983912,0.05687027890426445,0.6570297320374249,1.5695751298969474,0.9125453978595225,0,12.518658084096387
6,1.5,16,0.1,64,10,0.04473209782822525,0.042394080287169914,0.5395739967292155,0.6812429370063688,0.14166894027715338,0,15.25280029210262
6,1.5,16,0.1,64,12,0.04255984877589798,0.038791653465350504,0.5421049483880964,0.6410089711054481,0.09890402271735166,0,17.91781737515703
8,0.3,4,0.1,16,3,0.002780760179773702,0.002641293510103888,0.041560374672921244,0.0514243592476196,0.009863984574698358,0,2.5599615829996765
8,0.3,4,0.1,16,5,0.002374701178450512,0.0022902257957304246,0.03702154998637649,0.0983861992084918,0.06136464922211531,0,6.234596667112783
8,0.3,4,0.1,16,6,0.02282085052011156,0.022017805742923776,0.3576058169110842,0.41347661282529297,0.05587079591420879,0,7.671184417093173
8,0.3,4,0.1,16,10,0.0193374513159974,0.0184337507889819,0.32570180014915073,0.37463577963009215,0.048933979480941414,0,13.711317166918889
8,0.3,4,0.1,16,12,0.021816158529918334,0.020626093968123885,0.31543555667197853,0.3363801335840901,0.020944576912111545,0,17.886348416097462
8,0.3,6,0.1,24,2,0.09291631868585101,0.08781857160234259,1.4053113175993883,1.4053113175995704,1.8207657603852567e-13,1,1.5968269580043852
8,0.3,6,0.1,24,4,0.054341123687905016,0.0525333952681431,0.8159145948358634,11.762317209195103,10.94640261435924,0,6.469593875110149
8,0.3,6,0.1,24,5,0.009952926157352472,0.009633213926549599,0.15615225854543527,4.329143924940379,4.172991666394943,0,9.103739708894864
8,0.3,6,0.1,24,8,0.053122354927395886,0.05109789245086027,0.9066124692466607,1.1722063525878927,0.265593883341232,0,19.100348790874705
8,0.3,6,0.1,24,10,0.048310251887404086,0.044326781829577416,0.7456011075725456,1.1363408925592562,0.3907397849867106,0,24.592304083053023
8,0.3,8,0.1,32,2,0.1953545820168201,0.18392100703109354,2.9631578414820177,2.9631578414821327,1.1501910535116622e-13,1,1.5993958341423422
8,0.3,8,0.1,32,3,0.02530181370765964,0.02414321893247913,0.38513999452427905,16.00389855147093,15.61875855694665,0,3.955101375002414
8,0.3,8,0.1,32,5,0.023903590928333125,0.022374443643627003,0.39178863838322797,0.44116605566204015,0.049377417278812175,0,10.167087875073776
8,0.3,8,0.1,32,6,0.046596330748681636,0.04429626992718272,0.792462230283343,1.767951320492553,0.97548909020921,0,12.942874958971515
8,0.3,8,0.1,32,10,0.05769484974447003,0.051922344337460034,1.1156645023257967,1.3350317837885894,0.21936728146279272,0,23.89509612484835
8,0.3,8,0.1,32,12,0.04277628663118306,0.04027698790355176,0.5956927874452367,0.6951508705262008,0.09945808308096415,0,30.244330500019714
8,0.3,12,0.1,48,2,0.4623448281745104,0.4326035833467733,6.892141213941226,15.41404305080906,8.521901836867833,0,2.243975708959624
8,0.3,12,0.1,48,3,0.0491499354417247,0.04703832041207141,0.8136434008771922,1.9982426282946022,1.18459922741741,0,4.299953457899392
8,0.3,12,0.1,48,4,0.012885039965662332,0.011966670053352094,0.21632897831053277,10.229471190000254,10.013142211689722,0,7.36509820795618
8,0.3,12,0.1,48,5,0.0306851245993255,0.029700059961965942,0.49609624030322086,1.4610951162354113,0.9649988759321905,0,10.591725124977529
8,0.3,12,0.1,48,6,0.01381293313948866,0.012795912827481316,0.3100513711896462,0.37008634984558975,0.06003497865594354,0,12.675762708066031
8,0.3,12,0.1,48,8,0.012865761656031337,0.012377190314323555,0.23452578263611387,0.4403229392565333,0.20579715662041945,0,18.807168332859874
8,0.3,12,0.1,48,10,0.017975983346015793,0.01741091082079691,0.27994673174175916,0.4195952393875454,0.13964850764578624,0,25.984733083983883
8,0.3,12,0.1,48,12,0.021661015705804695,0.019828150111490604,0.28467261569332386,0.3699418742060807,0.08526925851275685,0,31.592436000006273
8,0.3,16,0.1,64,2,0.5482290255114886,0.515814918105026,8.666843961524886,8.666843961524922,3.552713678800501e-14,1,7.080287916120142
8,0.3,16,0.1,64,3,0.09113289533325761,0.08641676734473146,1.350100246453775,1.3501002464547645,9.894307595459395e-13,1,9.483303416986018
8,0.3,16,0.1,64,4,0.03127856996756006,0.030376778765162184,0.48307718621702184,10.625985776647926,10.142908590430904,0,12.372292374959216
8,0.3,16,0.1,64,5,0.07829744805721216,0.07517894352491805,1.1860557012371726,1.3464706833398177,0.16041498210264504,0,15.870067999931052
8,0.3,16,0.1,64,6,0.02223139257082594,0.020634145419085304,0.35958381323100497,0.5850698202832174,0.22548600705221244,0,18.602546457899734
8,0.3,16,0.1,64,8,0.021378593362807466,0.020289675676474585,0.33307555150757595,0.41401759972404184,0.08094204821646589,0,24.430257209111005
8,0.3,16,0.1,64,10,0.05237155395436204,0.049864336390340665,0.3066639591429195,0.8871996780364615,0.580535718893542,0,30.86472887499258
8,0.3,16,0.1,64,12,0.05386257514917925,0.05238636248599027,0.3882176753171418,2.4581860892324667,2.069968413915325,0,37.76823579194024
8,1.0,4,0.1,16,3,0.027142768907367037,0.02571694389773374,0.439842930517787,0.552900964952271,0.11305803443448403,0,3.2665197090245783
8,1.0,4,0.1,16,5,0.0250487901709434,0.023405577229522214,0.3913165250764502,0.49322976419615633,0.10191323911970612,0,8.049022834049538
8,1.0,4,0.1,16,6,0.061507947971189726,0.05773771584332806,1.0443153448948037,1.1154207987961382,0.07110545390133449,0,10.50017112493515
8,1.0,4,0.1,16,10,0.03735401550666341,0.03499977627329258,0.6467506783802462,1.1348536774361646,0.48810299905591836,0,19.968300625216216
8,1.0,4,0.1,16,12,0.0582247886272151,0.05551701862342353,0.8013194927370559,0.8934466984396953,0.09212720570263933,0,25.386603291146457
8,1.0,6,0.1,24,2,0.2693084411073467,0.2521318959107695,4.088645026063469,4.088645026063664,1.9451107391432743e-13,1,1.6246938330587
8,1.0,6,0.1,24,4,0.07910141860441991,0.07627042050139252,1.424672457080835,10.81399293071992,9.389320473639085,0,6.909810499986634
8,1.0,6,0.1,24,5,0.026214727241398006,0.02479448022260865,0.46047513769784193,4.292324640534781,3.831849502836939,0,10.161725833080709
8,1.0,6,0.1,24,8,0.03276605763587965,0.030913274944791257,0.5009979891528483,1.2097711843419503,0.708773195189102,0,19.17778233299032
8,1.0,6,0.1,24,10,0.11066418284590719,0.10771331443487937,1.2332605170050386,1.9532002474793382,0.7199397304742996,0,24.87396508315578
8,1.0,8,0.1,32,2,0.4939318977122684,0.4636793637731994,7.74002330135533,7.740023301355462,1.3233858453531866e-13,1,1.7941458330024034
8,1.0,8,0.1,32,3,0.06252305908955536,0.06079068916942332,0.9665206904501877,0.9666361116529761,0.00011542120278840162,0,3.9492346250917763
8,1.0,8,0.1,32,5,0.057223102563083286,0.05469867888458639,0.8864831253224855,4.221075146466194,3.3345920211437083,0,10.066958250012249
8,1.0,8,0.1,32,6,0.015909736807012534,0.015081766955496187,0.28323664018898975,0.31387437461993034,0.03063773443094059,0,12.526115416083485
8,1.0,8,0.1,32,10,0.02892420964157867,0.02748586992119565,0.33709800305328697,0.5629006760622493,0.22580267300896228,0,24.710416792193428
8,1.0,8,0.1,32,12,0.018201020285381883,0.017503592862764882,0.2832685655064384,0.3767982259610904,0.093529660454652,0,30.520510459085926
8,1.0,12,0.1,48,2,0.8318707651052343,0.8024801423910543,14.487196497112903,14.487196497112931,2.842170943040401e-14,1,2.095313875004649
8,1.0,12,0.1,48,3,0.3042416319292196,0.28790647789098633,4.529030387708675,13.65944897446682,9.130418586758145,0,4.443521291017532
8,1.0,12,0.1,48,4,0.11022861916749213,0.10040391692253862,1.6308602682094873,9.265561743833599,7.634701475624112,0,7.26159012503922
8,1.0,12,0.1,48,5,0.0326375295138967,0.03155277837034951,0.7917137841852785,0.8270299471653082,0.03531616298002971,0,10.271307083079591
8,1.0,12,0.1,48,6,0.08473006295564792,0.07896748864893233,1.2535728488143114,1.9816741328290906,0.7281012840147791,0,13.31543349986896
8,1.0,12,0.1,48,8,0.05333612560929925,0.051253415485593055,0.807202331205646,1.2166435902486417,0.40944125904299566,0,20.03097208379768
8,1.0,12,0.1,48,10,0.07832447138621476,0.0731584824074472,1.005414269177915,1.5126698517776496,0.5072555825997345,0,26.569311707979068
8,1.0,12,0.1,48,12,0.0849609709266394,0.08211331735200281,0.7726038643266945,6.294716115904993,5.5221122515782985,0,32.64203495904803
8,1.0,16,0.1,64,2,0.9441395093428029,0.9243282684383247,18.571008391275203,19.067407141508948,0.4963987502337446,0,7.454916957998648
8,1.0,16,0.1,64,3,0.6446638594142808,0.6209773192807424,10.27152321556301,14.984125793000008,4.712602577436998,0,9.746444333111867
8,1.0,16,0.1,64,4,0.22508145442315958,0.21654361927477309,3.4831890121465,10.394390168760436,6.911201156613936,0,12.787498582853004
8,1.0,16,0.1,64,5,0.07129670530483324,0.06606427584780131,1.1619915471160693,10.052644080623802,8.890652533507733,0,16.88706683390774
8,1.0,16,0.1,64,6,0.057735628033005866,0.05414838840453449,0.7492936708264902,2.354438145628891,1.605144474802401,0,19.381765250116587
8,1.0,16,0.1,64,8,0.07295440881671092,0.06885574901923168,0.8221870151003313,2.0569382697364142,1.234751254636083,0,25.75401058397256
8,1.0,16,0.1,64,10,0.2761120128658823,0.26366959693404624,0.7616452802102744,5.486645474280027,4.725000194069753,0,31.638109874911606
8,1.0,16,0.1,64,12,0.15522987519993325,0.15012828583031362,0.8227964810720685,2.513594634704009,1.6907981536319403,0,36.69815016700886
8,1.5,4,0.1,16,3,0.03067954690318175,0.029640669726036305,0.4936599236912353,1.1832052167330842,0.6895452930418489,0,3.73059695889242
8,1.5,4,0.1,16,5,0.04582360145857252,0.04299569730375904,0.7860281179612427,1.1568399900706974,0.37081187210945465,0,8.951799040893093
8,1.5,4,0.1,16,6,0.03941333841689894,0.03738679206141487,0.6312398118211068,1.3786176455109829,0.7473778336898761,0,11.652469582855701
8,1.5,4,0.1,16,10,0.05863523952171642,0.05651515902901442,0.9606162716431654,8.106401170319662,7.145784898676497,0,22.67348258406855
8,1.5,4,0.1,16,12,0.2881490972484595,0.28608806824212735,0.9251021592878812,6.31012243581749,5.385020276529609,0,28.75351499998942
8,1.5,6,0.1,24,2,0.34485487668539216,0.31430279076111867,5.144735323353644,5.144735323353783,1.3855583347321954e-13,1,1.906773333903402
8,1.5,6,0.1,24,4,0.015072761467341125,0.014721255871786035,0.23335991345512083,10.549264059958716,10.315904146503595,0,6.963137541897595
8,1.5,6,0.1,24,5,0.02911790726038785,0.027678331283563486,0.4840403011077393,6.00170573576488,5.517665434657141,0,10.086869665887207
8,1.5,6,0.1,24,8,0.025642912676783747,0.024044526158949857,0.5433153993053921,0.7632630875473774,0.2199476882419853,0,18.72674062498845
8,1.5,6,0.1,24,10,0.041226559833789936,0.03886403588227347,0.48906955031141536,1.7985990849579077,1.3095295346464924,0,24.949581790948287
8,1.5,8,0.1,32,2,0.5438583766454368,0.5098999878388011,8.575831092519783,8.57583109251987,8.704148513061227e-14,1,1.6840728330425918
8,1.5,8,0.1,32,3,0.12306047079205323,0.11746484601659253,1.9053927489464473,1.9053927489466858,2.384759056894836e-13,1,3.8442774158902466
8,1.5,8,0.1,32,5,0.056857727870237317,0.05397049100895014,0.8918901803850465,1.3868616727295977,0.4949714923445512,0,9.715214333031327
8,1.5,8,0.1,32,6,0.03850238528151631,0.03688488349081898,0.6750914015704982,0.8502189778883995,0.17512757631790132,0,12.727984250057489
8,1.5,8,0.1,32,10,0.039131024605385804,0.03768005893174215,0.6252514589374631,0.6948842827831291,0.06963282384566594,0,25.751421292079613
8,1.5,8,0.1,32,12,0.041768044735373,0.0393701902118669,0.6974362020180664,0.8857249186140311,0.1882887165959647,0,30.41230420814827
8,1.5,12,0.1,48,2,0.7892143844473056,0.766529436830683,13.192249650698496,17.037060712563058,3.8448110618645615,0,2.395133832935244
8,1.5,12,0.1,48,3,0.4093300040014133,0.3923352941131132,6.413824515861477,6.413824516652805,7.913278921023448e-10,1,4.237000042106956
8,1.5,12,0.1,48,4,0.14454711599446923,0.13956518511545624,2.2351755967876388,12.478114664693383,10.242939067905745,0,7.142026707995683
8,1.5,12,0.1,48,5,0.04907321678539614,0.04653793574934646,0.7621088796347602,12.303642543939377,11.541533664304616,0,10.380579084157944
8,1.5,12,0.1,48,6,0.18022718379430352,0.17200485228845244,2.947346623611065,4.449521426678448,1.502174803067383,0,13.375230832956731
8,1.5,12,0.1,48,8,0.06681963211279907,0.06482928046280949,1.15902005886966,2.964494796852044,1.8054747379823841,0,18.903961958829314
8,1.5,12,0.1,48,10,0.10209926132323434,0.09623441174061263,0.9419838220807522,2.744590621709321,1.8026067996285688,0,25.319611416896805
8,1.5,12,0.1,48,12,0.049466146916714346,0.04681247349378592,0.8233871960785908,1.0273240852631886,0.20393688918459785,0,30.96276424988173
8,1.5,16,0.1,64,2,0.922432749904958,0.9105226885427202,16.97661316925556,16.97661316927384,1.8278711877428577e-11,1,7.608808249933645
8,1.5,16,0.1,64,3,0.633190991116515,0.6087411298060112,10.181153476185258,14.966111251945126,4.784957775759867,0,9.84187095798552
8,1.5,16,0.1,64,4,0.3914065927831991,0.3710562458465848,6.066521560303254,12.282036599028864,6.215515038725609,0,12.236899999901652
8,1.5,16,0.1,64,5,0.18523463364067239,0.17607769359228206,2.9481217224490077,7.877661320226924,4.929539597777916,0,15.788419166114181
8,1.5,16,0.1,64,6,0.09164703793826598,0.08772370927865299,1.656826176206148,7.978056652858303,6.321230476652155,0,18.67700820812024
8,1.5,16,0.1,64,8,0.08901384488807701,0.08422445413979311,1.5937902813136045,1.9354997617831091,0.34170948046950467,0,24.870388792129233
8,1.5,16,0.1,64,10,0.14079411026224747,0.13439758364431037,1.7075718477485553,3.0224587536206227,1.3148869058720674,0,30.862299541942775
8,1.5,16,0.1,64,12,0.06429067041576776,0.062481254937345465,1.5398084950104594,1.9123792122370327,0.3725707172265733,0,37.07666999986395
10,0.3,4,0.1,16,3,0.0031492198892020874,0.003062354532561579,0.10461036003971985,0.11351873603503111,0.00890837599531126,0,3.3309442498721182
10,0.3,4,0.1,16,5,0.003171320381212068,0.0031207171148112042,0.10019135474562975,12.316160495655902,12.215969140910273,0,8.991833084030077
10,0.3,4,0.1,16,6,0.024842937052386063,0.02428079038267723,0.8510322691473916,0.889224130181244,0.038191861033852414,0,10.822047458961606
10,0.3,4,0.1,16,10,0.025563705611562113,0.024601036279138337,0.7233896423842933,0.8240419174921411,0.1006522751078478,0,21.31455033295788
10,0.3,4,0.1,16,12,0.04411415210388554,0.043315812273221656,0.8396500769421283,12.50140537776445,11.661755300822321,0,26.349979541962966
10,0.3,6,0.1,24,2,0.10303992739676997,0.1012351821455002,3.243841790624078,3.243841790624183,1.0524914273446484e-13,1,2.6797228751238436
10,0.3,6,0.1,24,4,0.06450624420127123,0.06261956874887148,1.9754375401904383,23.525541444849633,21.550103904659196,0,9.956284208223224
10,0.3,6,0.1,24,5,0.008376840914009798,0.0082158504602883,0.26867534339932386,6.160896185997108,5.892220842597784,0,14.945639375131577
10,0.3,6,0.1,24,8,0.050792395927405934,0.0495136858216646,1.663582887693615,2.862421552681802,1.198838664988187,0,28.24638658296317
10,0.3,6,0.1,24,10,0.052281238957431156,0.050720030691546535,1.700662769483171,2.4423312134044806,0.7416684439213095,0,37.53180420817807
10,0.3,8,0.1,32,2,0.21637801797569117,0.2120981607674143,6.831376682586694,6.831376682586977,2.824407374646398e-13,1,2.4032113330904394
10,0.3,8,0.1,32,3,0.032461120208835265,0.03155658417688262,1.007986044249193,24.510711472396707,23.502725428147514,0,5.657568959053606
10,0.3,8,0.1,32,5,0.026601908886259615,0.025791202273802483,0.8308705131668384,1.1092640014606647,0.2783934882938264,0,14.980368500109762
10,0.3,8,0.1,32,6,0.06429486784500464,0.06303667775152645,2.1503051677528604,4.134893818604874,1.9845886508520132,0,19.285556459100917
10,0.3,8,0.1,32,10,0.06742313655603871,0.0647440636869256,2.030176818119616,2.149720534361615,0.11954371624199878,0,37.97314150002785
10,0.3,8,0.1,32,12,0.044812976217186995,0.043899542562506375,1.5812097788705775,3.2795041592669283,1.6982943803963508,0,47.43901429185644
10,0.3,12,0.1,48,2,0.4850119753329646,0.4760439022923445,15.790296715502715,15.79029671550288,1.652011860642233e-13,1,3.653355000074953
10,0.3,12,0.1,48,3,0.06415386369173287,0.06265964408684399,2.2418641101699537,26.16750860052127,23.925644490351317,0,6.42417270783335
10,0.3,12,0.1,48,4,0.024164021966904127,0.023181772019958906,0.731062795354264,21.094468489720224,20.36340569436596,0,11.067262666998431
10,0.3,12,0.1,48,5,0.049616375609498976,0.048186551894179516,1.5312826244315054,15.228438658296914,13.69715603386541,0,15.602917208103463
10,0.3,12,0.1,48,6,0.014088188691291107,0.013800624750359012,0.5823859381609608,2.1225689265917733,1.5401829884308125,0,19.919351208023727
10,0.3,12,0.1,48,8,0.016105981078288797,0.0158200525380922,0.6039497763156205,1.0930297879242712,0.48908001160865067,0,29.347010416910052
10,0.3,12,0.1,48,10,0.0177585769209761,0.016871344631616984,0.5530878810012406,1.097879489587909,0.5447916085866683,0,38.88389083300717
10,0.3,12,0.1,48,12,0.057123595998555696,0.05488025722478949,0.9067297182643331,2.855768483350269,1.9490387650859358,0,48.99296141695231
10,0.3,16,0.1,64,2,0.5973501498719929,0.5863318829620643,19.73285167864749,19.732851678647563,7.460698725481052e-14,1,11.034995750058442
10,0.3,16,0.1,64,3,0.1074119594987511,0.10261667466169162,3.2778446386651745,3.2778446386658335,6.590283874174929e-13,1,14.01355000003241
10,0.3,16,0.1,64,4,0.030443457480382838,0.02953165689810299,1.0765406155931374,1.171834020735731,0.09529340514259355,0,18.372598875081167
10,0.3,16,0.1,64,5,0.07817645545949592,0.07601770441829653,2.4044224339815896,17.51661518240266,15.11219274842107,0,23.575389333069324
10,0.3,16,0.1,64,6,0.02279223439636767,0.022318891916522702,0.7715629767926854,1.801496052739663,1.0299330759469778,0,27.77742941607721
10,0.3,16,0.1,64,8,0.02635284634893427,0.025229295770552284,0.8693922158502876,1.9159088873827532,1.0465166715324656,0,37.7399991247803
10,0.3,16,0.1,64,10,0.025946223068574734,0.025651733261072396,0.9408836639852722,1.140626464046221,0.1997428000609487,0,46.539393374929205
10,0.3,16,0.1,64,12,0.029865711413538238,0.02898526776078496,0.9529021849305361,1.2784499816605797,0.3255477967300435,0,58.995111083146185
10,1.0,4,0.1,16,3,0.035498295150722725,0.03416450645437198,1.1410303137285236,1.1855342283261896,0.044503914597666006,0,4.612805125070736
10,1.0,4,0.1,16,5,0.02178284319288993,0.021131845888807496,0.6887575328127513,1.158951734299159,0.4701942014864078,0,11.801085124956444
10,1.0,4,0.1,16,6,0.06939901381052158,0.06850025718680752,2.4390712037517672,2.632627795704753,0.1935565919529858,0,15.882386959157884
10,1.0,4,0.1,16,10,0.06184385074400074,0.06015417161216084,1.6498880079947784,12.0800424902855,10.430154482290721,0,29.81516750017181
10,1.0,4,0.1,16,12,0.05209380787954253,0.05012850950036509,1.7519195416512203,2.3098590180214797,0.5579394763702594,0,38.025221082847565
10,1.0,6,0.1,24,2,0.29770948480922566,0.29039972123566776,9.40175607791539,9.401756077915486,9.592326932761353e-14,1,2.597244707867503
10,1.0,6,0.1,24,4,0.039027358398962694,0.03806632505437878,1.2097792903811593,21.61974245561058,20.40996316522942,0,10.44341875007376
10,1.0,6,0.1,24,5,0.2025001909980333,0.19859839922211006,8.496177323503435,11.604478214218632,3.1083008907151974,0,14.718719708034769
10,1.0,6,0.1,24,8,0.029429468993528794,0.02867196460574466,1.0285334842387384,3.52903338064268,2.5004998964039418,0,27.815784624777734
10,1.0,6,0.1,24,10,0.10068996781514117,0.09895933735204393,1.395666539513473,5.671589451683939,4.275922912170466,0,36.91328874998726
10,1.0,8,0.1,32,2,0.539152212002204,0.5299200316906951,17.647696659834903,17.64769665983496,5.684341886080802e-14,1,2.5257427499163896
10,1.0,8,0.1,32,3,0.07681425980602433,0.07370502346631819,2.360574691366368,2.3605949006467553,2.020928038737324e-05,1,5.685613750014454
10,1.0,8,0.1,32,5,0.16303349698266018,0.1570867898417599,6.982917215593172,8.564888441614604,1.581971226021432,0,14.242484125075862
10,1.0,8,0.1,32,6,0.01757290955700659,0.01735456025635433,0.6460968300777392,0.7804101869304438,0.13431335685270462,0,19.328172208042815
10,1.0,8,0.1,32,10,0.25700798179136963,0.25557166546563254,0.8317645133204595,10.959287067612491,10.127522554292032,0,37.56322675012052
10,1.0,8,0.1,32,12,0.07736563980017641,0.0754168922545723,1.0165932572241256,3.8796354090310823,2.8630421518069564,0,47.570200707996264
10,1.0,12,0.1,48,2,0.879940713144975,0.8680094586420969,32.0653515983976,32.065351598397626,2.842170943040401e-14,1,3.417794957989827
10,1.0,12,0.1,48,3,0.3535235098081669,0.3399227071143803,10.951947054961016,10.951947054964213,3.197442310920451e-12,1,6.835243541980162
10,1.0,12,0.1,48,4,0.08107034026750987,0.07676609695520664,2.5558644860067457,4.3219204472115464,1.7660559612048008,0,11.499488250119612
10,1.0,12,0.1,48,5,0.37969917320765634,0.3674655601550779,13.891950944132208,14.950919575289893,1.0589686311576845,0,16.440498375101015
10,1.0,12,0.1,48,6,0.09209143478246816,0.09025570873308057,3.2350453037812192,4.104848634628374,0.8698033308471551,0,20.934205458965153
10,1.0,12,0.1,48,8,0.07681484456052518,0.07540477596275687,1.8492802549368408,12.835195567163332,10.985915312226492,0,29.77346812491305
10,1.0,12,0.1,48,10,0.23874136066870044,0.23029173738345957,2.224678001743747,8.430618294249834,6.205940292506087,0,40.977877374971285
10,1.0,12,0.1,48,12,0.07669196023830624,0.07414689138813643,1.5451513523080793,2.6076353194967004,1.062483967188621,0,50.534559834050015
10,1.0,16,0.1,64,2,0.9668463021076787,0.961582415353527,38.834597791961684,41.23131271199973,2.3967149200380433,0,12.490048834122717
10,1.0,16,0.1,64,3,0.7213023105124263,0.7034961757252121,24.131938764142465,24.131938765289338,1.1468728189356625e-09,1,14.905469958903268
10,1.0,16,0.1,64,4,0.2708592826328959,0.26466849918639246,8.478948030117552,26.04550668496329,17.566558654845736,0,19.665592582896352
10,1.0,16,0.1,64,5,0.4837992187178777,0.47511234950981435,18.45966836876163,20.204121020404383,1.744452651642753,0,26.118793040979654
10,1.0,16,0.1,64,6,0.054467540323424185,0.053134730833571786,1.7849655736551706,11.494472491413434,9.709506917758263,0,30.517783791059628
10,1.0,16,0.1,64,8,0.06405116486442028,0.06199173110464018,2.320070897809177,4.381470622266909,2.0613997244577322,0,40.26660270802677
10,1.0,16,0.1,64,10,0.13016691659444465,0.12772400882836865,2.183468992412534,12.073748608760715,9.890279616348181,0,51.2453362501692
10,1.0,16,0.1,64,12,0.1256056748628439,0.12279881389766849,1.9445393662425843,5.16787834619458,3.223338979951995,0,62.77950712479651
10,1.5,4,0.1,16,3,0.05256214400597034,0.051064423627694824,1.6399702730924122,2.5015740477340582,0.8616037746416461,0,5.3135403748601675
10,1.5,4,0.1,16,5,0.02933814200577077,0.028218355091718095,0.9518928156237254,13.810301816881335,12.858409001257609,0,14.038103667087853
10,1.5,4,0.1,16,6,0.08083968721536608,0.07898187990469577,2.6628742064134343,3.8543421114806127,1.1914679050671784,0,18.923969792202115
10,1.5,4,0.1,16,10,0.052562448299746385,0.05174098970214565,1.8978598618889344,2.6785004676204824,0.780640605731548,0,37.45688191684894
10,1.5,4,0.1,16,12,0.04672691636682916,0.04522887739758606,1.2242548608708255,2.663721616213456,1.4394667553426306,0,45.89516400010325
10,1.5,6,0.1,24,2,0.36494223950287774,0.3607423504464304,11.797270398253136,11.797270398253263,1.2612133559741778e-13,1,3.075719582848251
10,1.5,6,0.1,24,4,0.015649809892220673,0.01541148719822756,0.4978874663824106,2.2191833340206553,1.7212958676382446,0,10.656998957972974
10,1.5,6,0.1,24,5,0.2435440447196877,0.23793256214616068,10.465439250849533,11.27263241402916,0.8071931631796261,0,15.494193375110626
10,1.5,6,0.1,24,8,0.05491294965294267,0.05348130564134992,1.9160861807442087,5.6994519971949815,3.7833658164507726,0,30.326160750119016
10,1.5,6,0.1,24,10,0.020573618397064772,0.020000914072184964,0.8654015089609134,1.16058746242912,0.29518595346820653,0,39.22035558405332
10,1.5,8,0.1,32,2,0.5914189339891541,0.5776925425568431,19.479272963592063,19.479272963592127,6.394884621840902e-14,1,2.8050857910420746
10,1.5,8,0.1,32,3,0.15185974399683377,0.14758091985859928,4.642017989778918,26.804857933440033,22.162839943661115,0,5.954650708008558
10,1.5,8,0.1,32,5,0.06891439858431483,0.06711944930850192,2.111188595715892,15.468661353099131,13.357472757383238,0,15.346240959130228
10,1.5,8,0.1,32,6,0.07568350600261345,0.073933223543628,2.7391013628852288,7.634794084704701,4.895692721819472,0,20.69008091604337
10,1.5,8,0.1,32,10,0.049677084618909184,0.0487493463764495,1.3361491788732653,2.627741217420844,1.2915920385475785,0,39.4187595420517
10,1.5,8,0.1,32,12,0.04215804212420102,0.04059047023473118,1.4837935688971315,1.7521018377227453,0.26830826882561376,0,49.87292437488213
10,1.5,12,0.1,48,2,0.8277593374788348,0.814606847945232,29.394502188299874,29.394502188299917,4.263256414560601e-14,1,3.609462625114247
10,1.5,12,0.1,48,3,0.4913930810243046,0.47433114413185445,15.310826661430305,28.279980104222194,12.969153442791889,0,7.310812625102699
10,1.5,12,0.1,48,4,0.16512483929247368,0.15977310907693457,5.1816848809112965,20.050915955822756,14.86923107491146,0,11.381712165893987
10,1.5,12,0.1,48,5,0.28218144000504963,0.2775265806296857,10.954597376121832,18.761724729603024,7.807127353481192,0,16.97122316691093
10,1.5,12,0.1,48,6,0.2687118888068511,0.2601352017777676,9.375217424326445,16.79631303126823,7.421095606941785,0,21.37290041707456
10,1.5,12,0.1,48,8,0.08600438824227111,0.08321023209147534,1.102965923184355,13.636826749288298,12.533860826103943,0,31.801883457927033
10,1.5,12,0.1,48,10,0.11150777929143293,0.10853252544255243,1.5053658345145051,8.211834414822349,6.706468580307844,0,41.5184477919247
10,1.5,12,0.1,48,12,0.12356077739484206,0.12154332275751889,2.396168772504638,12.888806138680437,10.4926373661758,0,52.07555195805617
10,1.5,16,0.1,64,2,0.9515717627601559,0.9445812523599717,36.87903513431947,36.879035134363825,4.4352077566145454e-11,1,11.336536041926593
10,1.5,16,0.1,64,3,0.7160101772563825,0.6984948252832298,23.792416791126836,31.664719029384134,7.872302238257298,0,14.937247375026345
10,1.5,16,0.1,64,4,0.4765989170521694,0.4618671046740432,14.846390143779473,33.10709408559601,18.260703941816537,0,20.503302124794573
10,1.5,16,0.1,64,5,0.40969180213398926,0.4022870808984499,12.97391521202619,24.87258315893525,11.89866794690906,0,25.615851041162387
10,1.5,16,0.1,64,6,0.11921055930535164,0.11494610998932193,4.288495169469104,12.629386476399336,8.340891306930232,0,31.51077612512745
10,1.5,16,0.1,64,8,0.10572009154769943,0.10327143233240901,4.407233459652082,5.654672102805889,1.2474386431538065,0,39.883487875107676
10,1.5,16,0.1,64,10,0.26570144031493514,0.2607083139607746,3.923082913967391,12.489217094277043,8.566134180309652,0,49.81339379097335
10,1.5,16,0.1,64,12,0.0949891704674917,0.09330657135476557,3.584256638011371,4.296951733148371,0.7126950951370001,0,61.209003457799554
12,0.3,4,0.1,16,2,0.03625750879449557,0.03550326708345667,2.2705385625148775,2.270538562520285,5.4076743083442125e-12,1,2.2733639581128955
12,0.3,4,0.1,16,3,0.003320582564267573,0.0032747676928213732,0.21934633247398336,0.26485118061803314,0.045504848144049787,0,4.623875749995932
12,0.3,4,0.1,16,4,0.03678255878555593,0.03599042638255433,2.176997364153457,48.84962839387037,46.67263102971691,0,7.78584162495099
12,0.3,4,0.1,16,5,0.0036966784916920422,0.00363718952106284,0.2327554780806643,24.63281276444508,24.400057286364415,0,11.747374375117943
12,0.3,4,0.1,16,6,0.02688424595364557,0.0263765955654373,1.8670088911890719,1.9336826162367908,0.06667372504771896,0,14.912873582914472
12,0.3,4,0.1,16,8,0.026013737063818487,0.02559439837105886,1.7615688594268453,2.025092633607375,0.26352377418052964,0,21.885354707948864
12,0.3,4,0.1,16,10,0.02710583054290095,0.026536529190621695,1.6721478206014577,2.046295088519274,0.37414726791781616,0,28.592982499860227
12,0.3,4,0.1,16,12,0.02220623264844704,0.0219864485772187,1.5752911212238712,1.7064403704822169,0.1311492492583457,0,35.4925185830798
12,0.3,6,0.1,24,2,0.1152486905321401,0.11330443513202368,7.25039235157654,7.25039235157723,6.901146321069973e-13,1,3.614602084038779
12,0.3,6,0.1,24,3,0.014388014160577714,0.01420171348778885,0.903832731250452,50.06869591041865,49.164863179168194,0,8.017794250044972
12,0.3,6,0.1,24,4,0.0773253132747863,0.07586878740352339,5.159387476651843,6.6827609432812345,1.5233734666293914,0,15.275328167015687
12,0.3,6,0.1,24,5,0.009886388627416157,0.009708817397420624,0.6192399508130587,12.318179386136507,11.698939435323448,0,22.094063750002533
12,0.3,6,0.1,24,6,0.07221436487369803,0.0712880027988684,5.170281405828288,5.96768045130726,0.7973990454789712,0,28.340492957970127
12,0.3,6,0.1,24,8,0.06249544578689377,0.061712351299415734,4.750079752509402,5.055396562136977,0.3053168096275751,0,41.47845833399333
12,0.3,6,0.1,24,10,0.054131432113812356,0.05379312573558585,3.879719835179119,6.312160709415991,2.4324408742368724,0,55.098885542014614
12,0.3,6,0.1,24,12,0.08514035807773515,0.08291736455894567,4.114767002416173,5.472898272370467,1.3581312699542947,0,74.17574479104951
12,0.3,8,0.1,32,2,0.24090684347858615,0.2370639876229319,15.250962327560599,15.250962327561641,1.042721464727947e-12,1,4.53093716618605
12,0.3,8,0.1,32,3,0.03455920271531685,0.033955404113041744,2.163804454263963,49.0304130710105,46.86660861674654,0,8.656446707900614
12,0.3,8,0.1,32,4,0.03812438388469673,0.037706222643883056,2.7024586645352664,45.043355460669275,42.34089679613401,0,15.456339958123863
12,0.3,8,0.1,32,5,0.026187748098139903,0.02591432983726986,1.6565485642129847,2.500500655868652,0.8439520916556673,0,21.829845834057778
12,0.3,8,0.1,32,6,0.07959885617974446,0.07859486845047078,6.562247132043995,9.618152157797427,3.0559050257534324,0,27.759942583041266
12,0.3,8,0.1,32,8,0.061271610424191644,0.060446583583288194,5.011395075751944,8.205624227106798,3.194229151354854,0,41.15144591615535
12,0.3,8,0.1,32,10,0.05345085679194833,0.05311412038094291,3.7669250247396966,17.44078220458473,13.673857179845031,0,53.53912337496877
12,0.3,8,0.1,32,12,0.16405545020922796,0.16221677645624452,4.202900753570787,25.181481292154103,20.978580538583316,0,68.05995154101402
12,0.3,12,0.1,48,2,0.5341380893677694,0.5269855424687877,35.02948160296222,35.02948160296232,9.947598300641403e-14,1,5.268710041884333
12,0.3,12,0.1,48,3,0.06822841555113046,0.06737277245327382,4.30381848869545,8.46091222556022,4.15709373686477,0,9.207111333031207
12,0.3,12,0.1,48,4,0.029319694255392048,0.028903993845133463,1.818928196253394,42.20167019037357,40.382741994120174,0,15.26705079106614
12,0.3,12,0.1,48,5,0.1097541395727295,0.10860771510998565,6.9077962513081355,22.693114499186215,15.785318247878081,0,26.734238708158955
12,0.3,12,0.1,48,6,0.020695630551111337,0.020353450499295645,1.5843671350805186,16.278259089278684,14.693891954198165,0,28.914831625064835
12,0.3,12,0.1,48,8,0.017349366116804384,0.017201003315780294,1.2626458214464447,19.66119861813969,18.398552796693245,0,40.95410441700369
12,0.3,12,0.1,48,10,0.026778465158225732,0.02636270254441934,1.7946245026894962,11.111710344869904,9.317085842180408,0,54.415801332797855
12,0.3,12,0.1,48,12,0.03532460918407497,0.034776225625936394,1.7662471492991412,2.637037718164791,0.8707905688656499,0,70.0136194578372
12,0.3,16,0.1,64,2,0.6527203585561651,0.6408284251040973,43.533377748130206,43.533377748130405,1.9895196601282805e-13,1,15.77215995802544
12,0.3,16,0.1,64,3,0.11961276942066738,0.11777265100412031,7.534349328228992,7.534349337710826,9.481833984636978e-09,1,20.608646207954735
12,0.3,16,0.1,64,4,0.029913903354391133,0.029546379538702594,1.9629910038743397,2.7378900337220555,0.7748990298477159,0,26.422549083130434
12,0.3,16,0.1,64,5,0.08264054898548939,0.08072074755588407,5.41551300296427,41.97315360361094,36.55764060064667,0,33.58316637505777
12,0.3,16,0.1,64,6,0.028818953751960037,0.02836162241874627,2.2427975556943816,2.6619826438452368,0.4191850881508552,0,43.624379749875516
12,0.3,16,0.1,64,8,0.030179718243952505,0.02967906325393549,2.0867055005773425,2.228100814586943,0.1413953140096007,0,56.01310258382
12,0.3,16,0.1,64,10,0.05563494382984306,0.05519114989164753,1.9906251822695695,4.32699021815709,2.3363650358875203,0,70.47992950002663
12,0.3,16,0.1,64,12,0.03984037535396863,0.03919148724519215,2.1991041829319147,2.97627806405128,0.7771738811193654,0,85.21745975012891
12,1.0,4,0.1,16,2,0.11489069399751498,0.1118112896623495,7.16855644622212,7.168556446223707,1.5862866575844237e-12,1,3.268347166944295
12,1.0,4,0.1,16,3,0.03537119934078867,0.03487622745877936,2.3677969192527715,2.858607434896648,0.4908105156438767,0,6.942863791948184
12,1.0,4,0.1,16,4,0.09303776889509846,0.09168198941138964,6.0116876742170025,47.224987201487316,41.213299527270316,0,12.298955458914861
12,1.0,4,0.1,16,5,0.04183827740714083,0.041331305802257724,2.603174254755296,25.86699516879189,23.263820914036597,0,18.085774125065655
12,1.0,4,0.1,16,6,0.07095792570645273,0.06976369162450131,5.009146904549467,5.78855822386162,0.7794113193121532,0,21.9905410411302
12,1.0,4,0.1,16,8,0.0663922296860437,0.06541592231114615,4.5621400795040365,5.443998444547934,0.8818583650438976,0,31.22762354183942
12,1.0,4,0.1,16,10,0.24901842510310274,0.2463127995194602,4.78528405651954,33.49940255129004,28.7141184947705,0,41.852740792091936
12,1.0,4,0.1,16,12,0.07755311768192769,0.07627635646536449,4.13830551654821,4.98277707472762,0.8444715581794098,0,53.92614487488754
12,1.0,6,0.1,24,2,0.32732399911834775,0.3220623039443886,20.946034856363656,20.946034856364093,4.369837824924616e-13,1,3.539798582904041
12,1.0,6,0.1,24,3,0.1136188116677195,0.11131353716324388,6.972547893223174,57.7090559744085,50.73650808118533,0,7.874281583819538
12,1.0,6,0.1,24,4,0.09710813356821037,0.0956912989265829,5.9081143169642525,44.26768571190593,38.35957139494168,0,14.629611417185515
12,1.0,6,0.1,24,5,0.08302898727115669,0.08234916718325727,5.245009200066787,17.94420206382342,12.699192863756632,0,21.160529665881768
12,1.0,6,0.1,24,6,0.06578034548513201,0.06499190100151761,4.9429178036326045,11.571583836450499,6.628666032817894,0,28.411295333877206
12,1.0,6,0.1,24,8,0.043889772018747886,0.04357557333225803,3.035546167122919,7.166222479243859,4.13067631212094,0,41.212396500166506
12,1.0,6,0.1,24,10,0.037537816398369006,0.0370892428307772,2.34082255440839,6.43252338289848,4.09170082849009,0,54.24076791689731
12,1.0,6,0.1,24,12,0.1357888598792125,0.13485189093495514,3.5938866297235674,10.126809553502007,6.53292292377844,0,67.4840286669787
12,1.0,8,0.1,32,2,0.5867459778130016,0.5783685109054322,39.0076405018608,39.00764050186091,1.1368683772161603e-13,1,4.091483709169552
12,1.0,8,0.1,32,3,0.08626151472543886,0.0853992979158186,5.442870260262435,49.82454993586125,44.38167967559882,0,7.958679792005569
12,1.0,8,0.1,32,4,0.03133536188288755,0.03074698351718752,1.9701769405215142,55.41649062361426,53.44631368309275,0,13.564574250020087
12,1.0,8,0.1,32,5,0.07506653540485678,0.07436808497674294,4.709505345398918,19.320044750019647,14.610539404620729,0,21.395288459025323
12,1.0,8,0.1,32,6,0.021736234096445935,0.021350386529293656,1.5750146426127594,6.420850650529768,4.845836007917008,0,31.52469579083845
12,1.0,8,0.1,32,8,0.02651682955026834,0.026274249243342394,1.3789934544989706,8.590712898375077,7.211719443876107,0,41.574497082969174
12,1.0,8,0.1,32,10,0.024783314449621063,0.02467321927031838,1.709020159192933,2.5437163114567367,0.8346961522638037,0,54.76602904102765
12,1.0,8,0.1,32,12,0.229756922247558,0.2270553873966566,1.4747712590906517,16.888747267901472,15.41397600881082,0,68.20077291596681
12,1.0,12,0.1,48,2,0.9152234328415287,0.9075283983542912,68.91660170261957,68.91660170261973,1.5631940186722204e-13,1,7.902762334095314
12,1.0,12,0.1,48,3,0.3963189574606233,0.39157288966697557,25.06875702931483,53.36373875577518,28.29498172646035,0,10.19744929112494
12,1.0,12,0.1,48,4,0.157015771530032,0.15415159215119917,9.592949049473814,51.12126777008453,41.52831872061071,0,16.363191582961008
12,1.0,12,0.1,48,5,0.09920918422860447,0.09814744769192597,6.329627164071643,14.303281531857184,7.973654367785541,0,22.961890625068918
12,1.0,12,0.1,48,6,0.11650279932884222,0.11359955966315964,7.924610032122142,18.72003171135974,10.795421679237599,0,34.75344029208645
12,1.0,12,0.1,48,8,0.14296947757412348,0.14111989785948525,5.0998161167945835,22.411455562259235,17.31163944546465,0,50.71876037516631
12,1.0,12,0.1,48,10,0.08092178552059515,0.07975517618067293,5.035593081349717,6.311435070882281,1.2758419895325641,0,58.412458167178556
12,1.0,12,0.1,48,12,0.13543835236155108,0.13356936120593693,6.132449552482449,9.375636711227353,3.2431871587449033,0,71.11981416703202
12,1.0,16,0.1,64,2,0.9812105619061152,0.9780078673102702,81.46476532083969,83.12748078909733,1.6627154682576446,0,32.748837042134255
12,1.0,16,0.1,64,3,0.7737922205376415,0.7670194206303155,53.91530680967288,53.915306811080114,1.407236993600236e-09,1,24.991431041853502
12,1.0,16,0.1,64,4,0.31352389441192813,0.30838003867427655,19.48971628732154,60.95685749817241,41.46714121085087,0,29.160532250069082
12,1.0,16,0.1,64,5,0.09757196848591645,0.09613255282424477,6.763822944843894,42.562039670099665,35.79821672525577,0,32.099796042079106
12,1.0,16,0.1,64,6,0.05771268353833202,0.05677705627097708,4.133113791241534,25.3268142915615,21.193700500319967,0,39.16539337486029
12,1.0,16,0.1,64,8,0.11358087949420628,0.11270475565972597,4.424341528345701,9.869902923524911,5.445561395179211,0,55.11424395791255
12,1.0,16,0.1,64,10,0.12956729415094018,0.1284872015952868,3.575324068569065,9.826977708266991,6.251653639697926,0,63.33745245891623
12,1.0,16,0.1,64,12,0.10193076114734474,0.10067677177368592,4.277831307827456,11.22987875550419,6.952047447676734,0,77.04180083284155
12,1.5,4,0.1,16,2,0.15976638807074187,0.1554386967603656,9.998303816020778,9.998303816021824,1.0462741784067475e-12,1,5.382127790944651
12,1.5,4,0.1,16,3,0.04687184774230018,0.046139590347083204,3.4505129587167853,6.163916879654807,2.713403920938022,0,7.778742875205353
12,1.5,4,0.1,16,4,0.12209107212454016,0.12032262970538381,7.729543011548932,46.632038854665645,38.90249584311671,0,12.931589083047584
12,1.5,4,0.1,16,5,0.0682382816636943,0.06728753167275392,4.21676759416523,27.646850583493148,23.430082989327918,0,18.33787054219283
12,1.5,4,0.1,16,6,0.07561412326388453,0.07459746393769491,5.3372010784407955,7.110360683184336,1.7731596047435403,0,23.648425874998793
12,1.5,4,0.1,16,8,0.08084211825620884,0.0791818986856098,6.1803294058932225,6.454683591517261,0.27435418562403857,0,35.548920542001724
12,1.5,4,0.1,16,10,0.08483314685339427,0.08340074883726978,6.384238947613192,7.094245646797452,0.7100066991842597,0,46.043711999896914
12,1.5,4,0.1,16,12,0.15553132750892285,0.15385990203036232,6.112307820469156,18.037122902193627,11.924815081724471,0,58.31590695795603
12,1.5,6,0.1,24,2,0.40461929398928786,0.3993978137516568,26.222654760130645,26.222654760130837,1.9184653865522705e-13,1,3.594505624845624
12,1.5,6,0.1,24,3,0.052544436845255026,0.05185252267344377,3.3183155864221376,3.3190356357089645,0.000720049286826896,0,7.276240292005241
12,1.5,6,0.1,24,4,0.016470898878491878,0.016217969884309517,1.0677857015345569,58.18963374738309,57.12184804584854,0,13.573727541835979
12,1.5,6,0.1,24,5,0.04201345741054642,0.04121701644262195,2.7204902180905184,22.568576045001997,19.84808582691148,0,19.8752009999007
12,1.5,6,0.1,24,6,0.016612557868557733,0.016397735782203705,1.368513502889269,2.2546632709175607,0.8861497680282917,0,25.75421345885843
12,1.5,6,0.1,24,8,0.02917946777118253,0.028777177716342424,2.1797237356090133,3.2837897057238083,1.104065970114795,0,37.73069966607727
12,1.5,6,0.1,24,10,0.04598989630690975,0.04513956335295694,2.4196821559344035,2.9017127950013943,0.48203063906699084,0,51.53513449989259
12,1.5,6,0.1,24,12,0.11431666361175233,0.1126505693014016,1.6027734558514486,12.478121985931597,10.87534853008015,0,62.827123540919274
12,1.5,8,0.1,32,2,0.6395696274070763,0.6308706298476662,42.921148044303635,42.921148044303806,1.7053025658242404e-13,1,3.4089175001718104
12,1.5,8,0.1,32,3,0.17191039399869854,0.16943782862948095,10.686482809011027,53.70137922594038,43.01489641692935,0,7.051617291988805
12,1.5,8,0.1,32,4,0.07541222137048087,0.07465371169974684,4.741801381703745,44.44537892415354,39.70357754244979,0,13.22140695899725
12,1.5,8,0.1,32,5,0.10375980399282538,0.10200744961875804,6.4421414250903934,48.278408760265485,41.836267335175094,0,19.46246875007637
12,1.5,8,0.1,32,6,0.04504385026337132,0.04418602954724338,3.0158321481342796,15.937081954124526,12.921249805990247,0,25.198521208018064
12,1.5,8,0.1,32,8,0.04965744877823146,0.04846263995404121,3.496145564264129,4.184985538453115,0.6888399741889861,0,37.146105458028615
12,1.5,8,0.1,32,10,0.10147431451506109,0.10004483786822546,3.1767740361592334,10.043487632009617,6.866713595850383,0,49.37125233304687
12,1.5,8,0.1,32,12,0.0655211519318434,0.06477063441168741,2.851728375079436,4.486250930525058,1.634522555445622,0,62.93162675015628
12,1.5,12,0.1,48,2,0.8726871053367264,0.8625502412688102,63.591180292310746,63.5911802923108,5.684341886080802e-14,1,5.26424558297731
12,1.5,12,0.1,48,3,0.5439404968939054,0.5403126191510583,34.73751428871965,61.623370541356465,26.885856252636813,0,9.321343125076964
12,1.5,12,0.1,48,4,0.19176566261104883,0.18862612721147043,12.018867044453355,23.07993697924729,11.061069934793935,0,15.086004540789872
12,1.5,12,0.1,48,5,0.05041703912536353,0.04954393099680014,3.2334362342539134,21.924182759602193,18.69074652534828,0,21.705714917043224
12,1.5,12,0.1,48,6,0.23327626515294864,0.23044939411573523,15.932974318916754,21.641690476417164,5.70871615750041,0,27.090159500017762
12,1.5,12,0.1,48,8,0.08511588379074515,0.08431307237519585,5.270337615936389,14.383666307133689,9.1133286911973,0,39.31378695811145
12,1.5,12,0.1,48,10,0.2025659988723419,0.20124650613223824,4.724567640983099,17.26609177153315,12.541524130550052,0,51.50057295802981
12,1.5,12,0.1,48,12,0.06864711264514986,0.06750964805833418,3.920584569453159,9.579952326650321,5.659367757197162,0,63.65282299998216
12,1.5,16,0.1,64,2,0.9686631120901753,0.9653573240833723,77.94912912662478,77.94912912671738,9.259792932425626e-11,1,15.275575167033821
12,1.5,16,0.1,64,3,0.761097695837702,0.7522166475033508,53.053223321344205,53.05325575375819,3.243241398109831e-05,1,17.881459082942456
12,1.5,16,0.1,64,4,0.5101778210769834,0.5043601660835944,34.10428799970363,34.10428976365865,1.7639550193848663e-06,1,24.736841707956046
12,1.5,16,0.1,64,5,0.2475082229243353,0.24481540350279754,15.938971966579778,48.911624335366234,32.972652368786456,0,32.14520845818333
12,1.5,16,0.1,64,6,0.13072963697155932,0.1278642587983409,9.854125077450805,32.79908796121153,22.944962883760724,0,37.23636379092932
12,1.5,16,0.1,64,8,0.10401012085033434,0.10236579868403639,9.314507505411566,10.143656661950851,0.8291491565392857,0,49.418953999876976
12,1.5,16,0.1,64,10,0.1473002329201486,0.14553627900698793,8.133830809514702,11.84509165287408,3.711260843359378,0,61.98543274984695
12,1.5,16,0.1,64,12,0.08974073488974627,0.08767149325998394,8.609138723487119,9.199513053137048,0.5903743296499293,0,73.17921604099683
